"№";"Название";"Тип";"Район";"Адрес";"Рейтинг";"Отзывов";"Телефон / Контакт";"Сайт / Ссылка";"Приоритет пилота";"Почему подходит под Tap2Go"
"1";"Two Dots";"Кофейня";"Дзержинский / Золотая Нива";"ул. Кошурникова, 7";"4,9";"60";"+7 (923) 103-42-50";"Яндекс.Карты";"★★★★★";"Авторская кофейня у м. Золотая Нива, одна точка, 1–2 человека в смене — боль с вызовом баристы"
"2";"Vdoohe";"Кальян-бар";"Центр";"ул. Некрасова, 39";"5,0";"71";"+7 (905) 945-02-87";"Яндекс.Карты";"★★★★★";"Кальян + еда + бизнес-ланчи, долгое время за столом, малый штат, постоянный поток"
"3";"МногоКофе";"Кофейня";"Центр / Красный просп.";"Красный просп., 33";"5,0";"53";"+7 (983) 307-15-15";"mnogo-coffee.clients.site";"★★★★★";"Одна точка на главной улице, есть посадка, собственник технически грамотный (есть Telegram)"
"4";"Plush Coffee";"Кофейня";"Дзержинский / Золотая Нива";"ул. Бориса Богаткова, 217/2";"4,5";"17";"+7 (923) 707-89-38";"Яндекс.Карты";"★★★★★";"88 м от м. Золотая Нива, только открылась — хозяин выстраивает процессы, лучший момент для пилота"
"5";"Неяэтопредложил";"Бар / кафе";"Центр";"Коммунистическая ул., 45Б, эт. 2";"4,4";"19";"Нет (Яндекс.Карты)";"Яндекс.Карты";"★★★★★";"Самое молодое заведение, 19 отзывов — только начали, идеальный момент для пилота с нуля"
"6";"Gurmanna";"Кофейня / кондитерская";"Центр";"ул. Фрунзе, 15А";"4,1";"48";"+7 (991) 446-68-31";"gurmanna.ru";"★★★★☆";"Кофейня + пиццерия, одна точка, посадка, 173 м от м. Площадь Ленина — высокий пешеходный трафик"
"7";"Бульон";"Кафе";"Центр";"ул. Фрунзе, 49/3, эт. 1";"4,4";"67";"+7 (952) 345-99-58";"bulon-ulitsa-frunze.clients.site";"★★★★☆";"Кафе с домашней едой и посадкой, чек 300–400 ₽, высокая текучка на обедах, мало персонала"
"8";"Utepils by Хюгге";"Ресторан / паб";"Центр / Красный просп.";"Красный просп., 24";"4,7";"79";"+7 (938) 543-36-77";"utepils.ru";"★★★★☆";"Авторский паб с живой музыкой и бизнес-ланчами, 700 м от пл. Ленина, явно один собственник"
"9";"Греко";"Кафе / ресторан";"Центр / пл. Ленина";"ул. Ленина, 6";"4,8";"91";"+7 (905) 957-38-82";"dnkfood.ru";"★★★★☆";"173 м от м. Площадь Ленина, авторская греческая кухня, одна точка, активные соцсети"
"10";"Осман";"Кафе";"Золотая Нива";"ул. Кошурникова, 1Б";"4,2";"116";"Яндекс.Карты";"Яндекс.Карты";"★★★☆☆";"Живое кафе в жилом районе, чек 300–1200 ₽, много столов, мало персонала"
"11";"Блины & Кофе";"Кафе / кофейня";"Дзержинский";"ул. Бориса Богаткова, 210/1, эт. 1";"4,2";"129";"Яндекс.Карты";"Яндекс.Карты";"★★★☆☆";"Кафе с обедами в жилом районе, высокий дневной трафик, простой формат"
"12";"Caramel";"Кофейня";"Дзержинский / м. Дзержинская";"просп. Дзержинского, 2/2, пав. 11";"4,4";"15";"Яндекс.Карты";"Яндекс.Карты";"★★★☆☆";"У входа в метро Дзержинская, посадка, открылась недавно — собственник ищет точки роста"
"13";"Вафли Мира";"Кафе";"Дзержинский";"ул. Мичурина, 12, эт. 1";"4,0";"16";"Яндекс.Карты";"Яндекс.Карты";"★★★☆☆";"Кафе с посадкой в жилом районе, скидки = лояльная аудитория, явно малый бизнес"
